a_0.5_0.2_0.8_0,10.0,0.2,0.8,1,0,1,1.0,0.0,0.5000812464952469,0.49991874903440475,0.4999187535047531,0.5000812464952469
a_0.5_0.2_0.8_0,10.0,0.2,0.8,0,1,1,0.0,1.0,0.2666653359681368,0.7333346623182296,0.2666653359681368,0.7333346640318632
a_0.5_0.2_0.8_0,10.0,0.2,0.8,2,0,2,1.0,0.0,0.6115757811069489,0.3884242230653763,0.3884242188930511,0.6115757811069489
a_0.5_0.2_0.8_0,10.0,0.2,0.8,0,2,2,0.0,1.0,0.18895331801380166,0.8110466808080673,0.18895331801380166,0.8110466819861983
a_0.5_0.2_0.8_0,10.0,0.2,0.8,10,0,10,1.0,0.0,0.9643510514497757,0.03564895341172814,0.03564894855022427,0.9643510514497757
a_0.5_0.2_0.8_0,10.0,0.2,0.8,0,10,10,0.0,1.0,0.0002245872376637855,0.9997754138708115,0.0002245872376637855,0.9997754127623362
a_0.5_0.2_0.8_0,10.0,0.2,0.8,20,0,20,1.0,0.0,0.9924478632211685,0.007552136903395876,0.007552136778831486,0.9924478632211685
a_0.5_0.2_0.8_0,10.0,0.2,0.8,0,20,20,0.0,1.0,0.00022674355575388075,0.999773251414299,0.00022674355575388075,0.9997732564442461
a_0.5_0.2_0.8_0,10.0,0.2,0.8,1,1,2,0.5,0.5,0.41314411282539365,0.5868558812141419,0.08685588717460635,0.9131441128253937
a_0.5_0.2_0.8_0,10.0,0.2,0.8,2,2,4,0.5,0.5,0.4406889483332634,0.559311053454876,0.059311051666736614,0.9406889483332634
a_0.5_0.2_0.8_0,10.0,0.2,0.8,10,10,20,0.5,0.5,0.4889560320973396,0.5110439720749855,0.011043967902660379,0.9889560320973396
a_0.5_0.2_0.8_0,10.0,0.2,0.8,20,20,40,0.5,0.5,0.4993109425750663,0.500689058303833,0.0006890574249336923,0.9993109425750664
a_0.5_0.2_0.8_0,10.0,0.2,0.8,2,1,3,0.6666666666666666,0.3333333333333333,0.5160244780778885,0.483975515961647,0.1506421885887781,0.8493578114112219
a_0.5_0.2_0.8_0,10.0,0.2,0.8,1,2,3,0.3333333333333333,0.6666666666666666,0.3521306286053732,0.6478693771362305,0.018797295272039882,0.9812027047279601
a_0.5_0.2_0.8_0,10.0,0.2,0.8,4,2,6,0.6666666666666666,0.3333333333333333,0.5669083904492436,0.43309161454439166,0.09975827621742306,0.9002417237825769
a_0.5_0.2_0.8_0,10.0,0.2,0.8,2,4,6,0.3333333333333333,0.6666666666666666,0.33935119978055356,0.6606488043069839,0.006017866447220244,0.9939821335527798
a_0.5_0.2_0.8_0,10.0,0.2,0.8,8,4,12,0.6666666666666666,0.3333333333333333,0.6139119374752045,0.38608806192874906,0.05275472919146218,0.9472452708085378
a_0.5_0.2_0.8_0,10.0,0.2,0.8,4,8,12,0.3333333333333333,0.6666666666666666,0.3517251245665466,0.6482748734951019,0.018391791233213273,0.9816082087667868
a_0.5_0.2_0.8_0,10.0,0.2,0.8,10,11,21,0.47619047619047616,0.5238095238095238,0.46466908400941065,0.5353309175372124,0.011521392181065515,0.9884786078189345
a_0.5_0.2_0.8_0,10.0,0.2,0.8,11,10,21,0.5238095238095238,0.47619047619047616,0.5185429227352142,0.4814570818841457,0.005266601074309651,0.9947333989256903
a_0.5_0.2_0.8_0,10.0,0.2,0.8,1,4,5,0.2,0.8,0.23703430902011915,0.7629657006263733,0.037034309020119144,0.9629656909798808
a_0.5_0.2_0.8_0,10.0,0.2,0.8,4,1,5,0.8,0.2,0.6480993703007707,0.3519006249308586,0.15190062969922935,0.8480993703007706
a_0.5_0.2_0.8_0,10.0,0.2,0.8,2,8,10,0.2,0.8,0.24615216521575348,0.7538478350639344,0.046152165215753466,0.9538478347842465
a_0.5_0.2_0.8_0,10.0,0.2,0.8,8,2,10,0.8,0.2,0.6917048995501617,0.30829509913921355,0.10829510044983837,0.8917048995501616
a_0.5_0.2_0.8_0,10.0,0.2,0.8,4,16,20,0.2,0.8,0.21715765067376197,0.7828423434495926,0.01715765067376196,0.982842349326238
a_0.5_0.2_0.8_0,10.0,0.2,0.8,16,4,20,0.8,0.2,0.753615483045578,0.24638451259583236,0.04638451695442203,0.953615483045578
a_0.5_0.5_0.5_0,10.0,0.2,0.8,1,0,1,1.0,0.0,0.6096827733516693,0.3903172269463539,0.3903172266483307,0.6096827733516693
a_0.5_0.5_0.5_0,10.0,0.2,0.8,0,1,1,0.0,1.0,0.4040337339043617,0.5959662693738937,0.4040337339043617,0.5959662660956383
a_0.5_0.5_0.5_0,10.0,0.2,0.8,2,0,2,1.0,0.0,0.697852008342743,0.30214799374341966,0.30214799165725703,0.697852008342743
a_0.5_0.5_0.5_0,10.0,0.2,0.8,0,2,2,0.0,1.0,0.31349835455417635,0.6865016406774521,0.31349835455417635,0.6865016454458237
a_0.5_0.5_0.5_0,10.0,0.2,0.8,10,0,10,1.0,0.0,0.998058397769928,0.0019416013203408511,0.0019416022300720037,0.998058397769928
a_0.5_0.5_0.5_0,10.0,0.2,0.8,0,10,10,0.0,1.0,0.00197824449498512,0.9980217552185059,0.00197824449498512,0.9980217555050149
a_0.5_0.5_0.5_0,10.0,0.2,0.8,20,0,20,1.0,0.0,0.9995247972011566,0.0004751981913250347,0.00047520279884338823,0.9995247972011566
a_0.5_0.5_0.5_0,10.0,0.2,0.8,0,20,20,0.0,1.0,0.0006448520419053238,0.9993551450967789,0.0006448520419053238,0.9993551479580947
a_0.5_0.5_0.5_0,10.0,0.2,0.8,1,1,2,0.5,0.5,0.5055690068006515,0.4944309961795807,0.0055690068006515325,0.9944309931993485
a_0.5_0.5_0.5_0,10.0,0.2,0.8,2,2,4,0.5,0.5,0.5020297631621361,0.4979702442884445,0.0020297631621361,0.9979702368378639
a_0.5_0.5_0.5_0,10.0,0.2,0.8,10,10,20,0.5,0.5,0.4803608660399914,0.5196391335129737,0.019639133960008603,0.9803608660399914
a_0.5_0.5_0.5_0,10.0,0.2,0.8,20,20,40,0.5,0.5,0.48684206008911135,0.513157932460308,0.01315793991088865,0.9868420600891114
a_0.5_0.5_0.5_0,10.0,0.2,0.8,2,1,3,0.6666666666666666,0.3333333333333333,0.5824607372283935,0.41753926515579226,0.0842059294382731,0.9157940705617269
a_0.5_0.5_0.5_0,10.0,0.2,0.8,1,2,3,0.3333333333333333,0.6666666666666666,0.42880051612854003,0.5711994767189026,0.09546718279520672,0.9045328172047933
a_0.5_0.5_0.5_0,10.0,0.2,0.8,4,2,6,0.6666666666666666,0.3333333333333333,0.6075251868367195,0.3924748158454895,0.05914147982994711,0.9408585201700529
a_0.5_0.5_0.5_0,10.0,0.2,0.8,2,4,6,0.3333333333333333,0.6666666666666666,0.39889184802770616,0.6011081540584564,0.06555851469437285,0.9344414853056271
a_0.5_0.5_0.5_0,10.0,0.2,0.8,8,4,12,0.6666666666666666,0.3333333333333333,0.6383276477456092,0.36167235240340234,0.02833901892105739,0.9716609810789426
a_0.5_0.5_0.5_0,10.0,0.2,0.8,4,8,12,0.3333333333333333,0.6666666666666666,0.35147298634052276,0.6485270226001739,0.01813965300718945,0.9818603469928106
a_0.5_0.5_0.5_0,10.0,0.2,0.8,10,11,21,0.47619047619047616,0.5238095238095238,0.4783854219317436,0.521614580154419,0.00219494574126744,0.9978050542587326
a_0.5_0.5_0.5_0,10.0,0.2,0.8,11,10,21,0.5238095238095238,0.47619047619047616,0.5270995151996613,0.47290048211812974,0.0032899913901374145,0.9967100086098626
a_0.5_0.5_0.5_0,10.0,0.2,0.8,1,4,5,0.2,0.8,0.30278798438608645,0.6972120106220245,0.10278798438608644,0.8972120156139136
a_0.5_0.5_0.5_0,10.0,0.2,0.8,4,1,5,0.8,0.2,0.7057716196775436,0.29422837945341596,0.0942283803224564,0.9057716196775436
a_0.5_0.5_0.5_0,10.0,0.2,0.8,2,8,10,0.2,0.8,0.2511172833293676,0.7488827109336853,0.0511172833293676,0.9488827166706324
a_0.5_0.5_0.5_0,10.0,0.2,0.8,8,2,10,0.8,0.2,0.7647227236628532,0.23527728026965633,0.035277276337146835,0.9647227236628532
a_0.5_0.5_0.5_0,10.0,0.2,0.8,4,16,20,0.2,0.8,0.22454133061764878,0.7754586738348007,0.024541330617648766,0.9754586693823513
a_0.5_0.5_0.5_0,10.0,0.2,0.8,16,4,20,0.8,0.2,0.7727420878410339,0.227257914126385,0.027257912158966113,0.9727420878410339
a_0.5_0.8_0.2_0,10.0,0.2,0.8,1,0,1,1.0,0.0,0.7604115980863572,0.2395883984863758,0.23958840191364283,0.7604115980863572
a_0.5_0.8_0.2_0,10.0,0.2,0.8,0,1,1,0.0,1.0,0.5205835258960724,0.47941647171974183,0.5205835258960724,0.4794164741039276
a_0.5_0.8_0.2_0,10.0,0.2,0.8,2,0,2,1.0,0.0,0.8333679431676865,0.16663205651100724,0.16663205683231352,0.8333679431676865
a_0.5_0.8_0.2_0,10.0,0.2,0.8,0,2,2,0.0,1.0,0.4073815083503723,0.5926184922456741,0.4073815083503723,0.5926184916496278
a_0.5_0.8_0.2_0,10.0,0.2,0.8,10,0,10,1.0,0.0,0.998536456823349,0.001463540561489367,0.0014635431766509832,0.998536456823349
a_0.5_0.8_0.2_0,10.0,0.2,0.8,0,10,10,0.0,1.0,0.006391110044960442,0.9936088931560516,0.006391110044960442,0.9936088899550396
a_0.5_0.8_0.2_0,10.0,0.2,0.8,20,0,20,1.0,0.0,0.999679543375969,0.0003204518498506559,0.00032045662403101804,0.999679543375969
a_0.5_0.8_0.2_0,10.0,0.2,0.8,0,20,20,0.0,1.0,0.0007745852519110485,0.9992254173755646,0.0007745852519110485,0.9992254147480889
a_0.5_0.8_0.2_0,10.0,0.2,0.8,1,1,2,0.5,0.5,0.6054219263792038,0.39457807436585424,0.10542192637920378,0.8945780736207962
a_0.5_0.8_0.2_0,10.0,0.2,0.8,2,2,4,0.5,0.5,0.5693061828613282,0.43069381594657896,0.06930618286132817,0.9306938171386718
a_0.5_0.8_0.2_0,10.0,0.2,0.8,10,10,20,0.5,0.5,0.5241728916764259,0.47582710683345797,0.02417289167642589,0.9758271083235741
a_0.5_0.8_0.2_0,10.0,0.2,0.8,20,20,40,0.5,0.5,0.5028936812281608,0.49710632510017605,0.002893681228160805,0.9971063187718392
a_0.5_0.8_0.2_0,10.0,0.2,0.8,2,1,3,0.6666666666666666,0.3333333333333333,0.6712946170568466,0.32870538361370566,0.004627950390179936,0.9953720496098201
a_0.5_0.8_0.2_0,10.0,0.2,0.8,1,2,3,0.3333333333333333,0.6666666666666666,0.49191049456596375,0.5080895122885704,0.15857716123263044,0.8414228387673696
a_0.5_0.8_0.2_0,10.0,0.2,0.8,4,2,6,0.6666666666666666,0.3333333333333333,0.6754874789714813,0.3245125265978277,0.008820812304814685,0.9911791876951853
a_0.5_0.8_0.2_0,10.0,0.2,0.8,2,4,6,0.3333333333333333,0.6666666666666666,0.4241907122731209,0.5758092895150184,0.09085737893978757,0.9091426210602125
a_0.5_0.8_0.2_0,10.0,0.2,0.8,8,4,12,0.6666666666666666,0.3333333333333333,0.6720887291431427,0.3279112679802347,0.005422062476476031,0.994577937523524
a_0.5_0.8_0.2_0,10.0,0.2,0.8,4,8,12,0.3333333333333333,0.6666666666666666,0.37179051727056506,0.6282094816863537,0.03845718393723174,0.9615428160627683
a_0.5_0.8_0.2_0,10.0,0.2,0.8,10,11,21,0.47619047619047616,0.5238095238095238,0.4853576835989952,0.5146423192322254,0.009167207408519062,0.9908327925914809
a_0.5_0.8_0.2_0,10.0,0.2,0.8,11,10,21,0.5238095238095238,0.47619047619047616,0.5289945065975189,0.47100549399852754,0.005184982787995063,0.9948150172120049
a_0.5_0.8_0.2_0,10.0,0.2,0.8,1,4,5,0.2,0.8,0.3531492995843291,0.6468506985902787,0.1531492995843291,0.8468507004156709
a_0.5_0.8_0.2_0,10.0,0.2,0.8,4,1,5,0.8,0.2,0.7911594957113266,0.20884050801890225,0.008840504288673445,0.9911594957113266
a_0.5_0.8_0.2_0,10.0,0.2,0.8,2,8,10,0.2,0.8,0.28648672795738095,0.7135132721066475,0.08648672795738094,0.9135132720426191
a_0.5_0.8_0.2_0,10.0,0.2,0.8,8,2,10,0.8,0.2,0.7813233405351638,0.2186766600352712,0.01867665946483621,0.9813233405351638
a_0.5_0.8_0.2_0,10.0,0.2,0.8,4,16,20,0.2,0.8,0.23909991946071385,0.76090008020401,0.03909991946071384,0.9609000805392862
a_0.5_0.8_0.2_0,10.0,0.2,0.8,16,4,20,0.8,0.2,0.7912024313211441,0.20879757490940393,0.00879756867885595,0.991202431321144
a_2.0_0.2_0.8_0,10.0,0.2,0.8,1,0,1,1.0,0.0,0.24157893002033234,0.7584210735559463,0.7584210699796676,0.24157893002033237
a_2.0_0.2_0.8_0,10.0,0.2,0.8,0,1,1,0.0,1.0,0.00035411300726991614,0.9996458923816681,0.00035411300726991614,0.99964588699273
a_2.0_0.2_0.8_0,10.0,0.2,0.8,2,0,2,1.0,0.0,0.3953465583920479,0.6046534377336502,0.6046534416079521,0.3953465583920479
a_2.0_0.2_0.8_0,10.0,0.2,0.8,0,2,2,0.0,1.0,0.0003043432508638944,0.9996956616640091,0.0003043432508638944,0.9996956567491361
a_2.0_0.2_0.8_0,10.0,0.2,0.8,10,0,10,1.0,0.0,0.8882035726308822,0.11179642885923385,0.11179642736911777,0.8882035726308822
a_2.0_0.2_0.8_0,10.0,0.2,0.8,0,10,10,0.0,1.0,0.000360889340590802,0.9996391123533249,0.000360889340590802,0.9996391106594092
a_2.0_0.2_0.8_0,10.0,0.2,0.8,20,0,20,1.0,0.0,0.9655532288551331,0.034446771675720814,0.03444677114486694,0.9655532288551331
a_2.0_0.2_0.8_0,10.0,0.2,0.8,0,20,20,0.0,1.0,0.0003215003068180522,0.999678493142128,0.0003215003068180522,0.9996784996931819
a_2.0_0.2_0.8_0,10.0,0.2,0.8,1,1,2,0.5,0.5,0.2182613605260849,0.7817386400699615,0.2817386394739151,0.7182613605260849
a_2.0_0.2_0.8_0,10.0,0.2,0.8,2,2,4,0.5,0.5,0.317928162664175,0.682071830034256,0.182071837335825,0.817928162664175
a_2.0_0.2_0.8_0,10.0,0.2,0.8,10,10,20,0.5,0.5,0.4701968252658844,0.5298031775653362,0.02980317473411559,0.9701968252658844
a_2.0_0.2_0.8_0,10.0,0.2,0.8,20,20,40,0.5,0.5,0.5048512578010559,0.4951487359404564,0.004851257801055886,0.9951487421989441
a_2.0_0.2_0.8_0,10.0,0.2,0.8,2,1,3,0.6666666666666666,0.3333333333333333,0.35280312776565553,0.6471968704462051,0.3138635389010111,0.6861364610989888
a_2.0_0.2_0.8_0,10.0,0.2,0.8,1,2,3,0.3333333333333333,0.6666666666666666,0.19592176355421542,0.8040782296657563,0.1374115697791179,0.8625884302208822
a_2.0_0.2_0.8_0,10.0,0.2,0.8,4,2,6,0.6666666666666666,0.3333333333333333,0.5070481631159782,0.492951839864254,0.1596185035506884,0.8403814964493116
a_2.0_0.2_0.8_0,10.0,0.2,0.8,2,4,6,0.3333333333333333,0.6666666666666666,0.27231991991400717,0.7276800829172134,0.061013413419326146,0.9389865865806739
a_2.0_0.2_0.8_0,10.0,0.2,0.8,8,4,12,0.6666666666666666,0.3333333333333333,0.6165209272503853,0.3834790726006031,0.05014573941628131,0.9498542605837187
a_2.0_0.2_0.8_0,10.0,0.2,0.8,4,8,12,0.3333333333333333,0.6666666666666666,0.3371126055717468,0.6628873950242996,0.0037792722384135113,0.9962207277615864
a_2.0_0.2_0.8_0,10.0,0.2,0.8,10,11,21,0.47619047619047616,0.5238095238095238,0.45250981688499453,0.5474901825189591,0.023680659305481633,0.9763193406945183
a_2.0_0.2_0.8_0,10.0,0.2,0.8,11,10,21,0.5238095238095238,0.47619047619047616,0.5162244537472724,0.4837755496799946,0.007585070062251398,0.9924149299377486
a_2.0_0.2_0.8_0,10.0,0.2,0.8,1,4,5,0.2,0.8,0.17417629845440388,0.8258237010240554,0.02582370154559613,0.9741762984544039
a_2.0_0.2_0.8_0,10.0,0.2,0.8,4,1,5,0.8,0.2,0.5595210990309716,0.44047889590263367,0.24047890096902846,0.7595210990309715
a_2.0_0.2_0.8_0,10.0,0.2,0.8,2,8,10,0.2,0.8,0.19625676289200783,0.8037432307004928,0.003743237107992181,0.9962567628920078
a_2.0_0.2_0.8_0,10.0,0.2,0.8,8,2,10,0.8,0.2,0.7213118731975555,0.2786881312727928,0.07868812680244452,0.9213118731975555
a_2.0_0.2_0.8_0,10.0,0.2,0.8,4,16,20,0.2,0.8,0.20701721344143154,0.7929827898740769,0.007017213441431525,0.9929827865585685
a_2.0_0.2_0.8_0,10.0,0.2,0.8,16,4,20,0.8,0.2,0.7632643184065819,0.23673568442463874,0.03673568159341811,0.9632643184065819
a_2.0_0.5_0.5_0,10.0,0.2,0.8,1,0,1,1.0,0.0,0.5896024471521377,0.4103975486755371,0.4103975528478623,0.5896024471521377
a_2.0_0.5_0.5_0,10.0,0.2,0.8,0,1,1,0.0,1.0,0.3913594877719879,0.6086405140161514,0.3913594877719879,0.6086405122280121
a_2.0_0.5_0.5_0,10.0,0.2,0.8,2,0,2,1.0,0.0,0.6682152360677719,0.331784765124321,0.3317847639322281,0.6682152360677719
a_2.0_0.5_0.5_0,10.0,0.2,0.8,0,2,2,0.0,1.0,0.3138691109418869,0.6861308914422989,0.3138691109418869,0.686130889058113
a_2.0_0.5_0.5_0,10.0,0.2,0.8,10,0,10,1.0,0.0,0.9150756973028183,0.08492429941892624,0.08492430269718165,0.9150756973028183
a_2.0_0.5_0.5_0,10.0,0.2,0.8,0,10,10,0.0,1.0,0.07823049433529378,0.921769505739212,0.07823049433529378,0.9217695056647062
a_2.0_0.5_0.5_0,10.0,0.2,0.8,20,0,20,1.0,0.0,0.9699777758121491,0.03002223266288638,0.030022224187850943,0.9699777758121491
a_2.0_0.5_0.5_0,10.0,0.2,0.8,0,20,20,0.0,1.0,0.02637223313562572,0.9736277616024017,0.02637223313562572,0.9736277668643742
a_2.0_0.5_0.5_0,10.0,0.2,0.8,1,1,2,0.5,0.5,0.4933591279387474,0.5066408693790436,0.0066408720612525785,0.9933591279387475
a_2.0_0.5_0.5_0,10.0,0.2,0.8,2,2,4,0.5,0.5,0.4914045011997223,0.5085954928398132,0.008595498800277712,0.9914045011997223
a_2.0_0.5_0.5_0,10.0,0.2,0.8,10,10,20,0.5,0.5,0.5141091206669808,0.48589088022708893,0.014109120666980779,0.9858908793330192
a_2.0_0.5_0.5_0,10.0,0.2,0.8,20,20,40,0.5,0.5,0.5005300052464008,0.4994699999690056,0.0005300052464007887,0.9994699947535992
a_2.0_0.5_0.5_0,10.0,0.2,0.8,2,1,3,0.6666666666666666,0.3333333333333333,0.5715066730976105,0.4284933224320412,0.09515999356905613,0.9048400064309439
a_2.0_0.5_0.5_0,10.0,0.2,0.8,1,2,3,0.3333333333333333,0.6666666666666666,0.413381379544735,0.5866186219453812,0.08004804621140166,0.9199519537885983
a_2.0_0.5_0.5_0,10.0,0.2,0.8,4,2,6,0.6666666666666666,0.3333333333333333,0.6165976572036743,0.3834023430943489,0.05006900946299231,0.9499309905370077
a_2.0_0.5_0.5_0,10.0,0.2,0.8,2,4,6,0.3333333333333333,0.6666666666666666,0.38698566764593123,0.6130143377184868,0.053652334312597916,0.9463476656874021
a_2.0_0.5_0.5_0,10.0,0.2,0.8,8,4,12,0.6666666666666666,0.3333333333333333,0.6322820168733597,0.36771798104047776,0.03438464979330691,0.9656153502066931
a_2.0_0.5_0.5_0,10.0,0.2,0.8,4,8,12,0.3333333333333333,0.6666666666666666,0.36413264617323876,0.6358673593401909,0.030799312839905446,0.9692006871600946
a_2.0_0.5_0.5_0,10.0,0.2,0.8,10,11,21,0.47619047619047616,0.5238095238095238,0.5010627956688404,0.49893720269203184,0.024872319478364213,0.9751276805216358
a_2.0_0.5_0.5_0,10.0,0.2,0.8,11,10,21,0.5238095238095238,0.47619047619047616,0.5120895630121232,0.48791043907403947,0.011719960797400675,0.9882800392025993
a_2.0_0.5_0.5_0,10.0,0.2,0.8,1,4,5,0.2,0.8,0.3098188106715679,0.6901811873912811,0.1098188106715679,0.8901811893284322
a_2.0_0.5_0.5_0,10.0,0.2,0.8,4,1,5,0.8,0.2,0.685831503868103,0.3141684973239899,0.11416849613189706,0.8858315038681029
a_2.0_0.5_0.5_0,10.0,0.2,0.8,2,8,10,0.2,0.8,0.2522625683248043,0.7477374303340912,0.052262568324804304,0.9477374316751956
a_2.0_0.5_0.5_0,10.0,0.2,0.8,8,2,10,0.8,0.2,0.7388704544305802,0.26112954795360566,0.06112954556941985,0.9388704544305801
a_2.0_0.5_0.5_0,10.0,0.2,0.8,4,16,20,0.2,0.8,0.2429179236292839,0.7570820760726928,0.0429179236292839,0.9570820763707161
a_2.0_0.5_0.5_0,10.0,0.2,0.8,16,4,20,0.8,0.2,0.7858719021081925,0.21412809651345013,0.014128097891807578,0.9858719021081924
a_2.0_0.8_0.2_0,10.0,0.2,0.8,1,0,1,1.0,0.0,0.9992111229896545,0.0007888756859756541,0.0007888770103454679,0.9992111229896545
a_2.0_0.8_0.2_0,10.0,0.2,0.8,0,1,1,0.0,1.0,0.7705353170633316,0.22946468442678453,0.7705353170633316,0.22946468293666844
a_2.0_0.8_0.2_0,10.0,0.2,0.8,2,0,2,1.0,0.0,0.9992604917287826,0.0007395068812184036,0.0007395082712173817,0.9992604917287826
a_2.0_0.8_0.2_0,10.0,0.2,0.8,0,2,2,0.0,1.0,0.6307354766130447,0.36926451727747917,0.6307354766130447,0.36926452338695526
a_2.0_0.8_0.2_0,10.0,0.2,0.8,10,0,10,1.0,0.0,0.999362879395485,0.0006371184311865363,0.0006371206045150402,0.999362879395485
a_2.0_0.8_0.2_0,10.0,0.2,0.8,0,10,10,0.0,1.0,0.2120632752776146,0.7879367256164551,0.2120632752776146,0.7879367247223854
a_2.0_0.8_0.2_0,10.0,0.2,0.8,20,0,20,1.0,0.0,0.9992626494169236,0.0007373499677487416,0.000737350583076446,0.9992626494169236
a_2.0_0.8_0.2_0,10.0,0.2,0.8,0,20,20,0.0,1.0,0.0763819120824337,0.9236180925369263,0.0763819120824337,0.9236180879175663
a_2.0_0.8_0.2_0,10.0,0.2,0.8,1,1,2,0.5,0.5,0.794265216588974,0.20573478683829308,0.294265216588974,0.705734783411026
a_2.0_0.8_0.2_0,10.0,0.2,0.8,2,2,4,0.5,0.5,0.6817060184478759,0.31829398378729823,0.18170601844787593,0.8182939815521241
a_2.0_0.8_0.2_0,10.0,0.2,0.8,10,10,20,0.5,0.5,0.5006522753834725,0.49934773057699205,0.000652275383472456,0.9993477246165275
a_2.0_0.8_0.2_0,10.0,0.2,0.8,20,20,40,0.5,0.5,0.49536908477544783,0.5046309122443199,0.004630915224552168,0.9953690847754478
a_2.0_0.8_0.2_0,10.0,0.2,0.8,2,1,3,0.6666666666666666,0.3333333333333333,0.804541922211647,0.19545808263123035,0.13787525554498037,0.8621247444550196
a_2.0_0.8_0.2_0,10.0,0.2,0.8,1,2,3,0.3333333333333333,0.6666666666666666,0.6579478770494461,0.3420521289110184,0.3246145437161128,0.6753854562838872
a_2.0_0.8_0.2_0,10.0,0.2,0.8,4,2,6,0.6666666666666666,0.3333333333333333,0.720731109380722,0.27926888525485993,0.054064442714055416,0.9459355572859446
a_2.0_0.8_0.2_0,10.0,0.2,0.8,2,4,6,0.3333333333333333,0.6666666666666666,0.5198866626620293,0.48011334002017975,0.186553329328696,0.8134466706713039
a_2.0_0.8_0.2_0,10.0,0.2,0.8,8,4,12,0.6666666666666666,0.3333333333333333,0.679121390581131,0.3208786053955555,0.012454723914464338,0.9875452760855357
a_2.0_0.8_0.2_0,10.0,0.2,0.8,4,8,12,0.3333333333333333,0.6666666666666666,0.41824771851301196,0.5817522820830345,0.08491438517967864,0.9150856148203214
a_2.0_0.8_0.2_0,10.0,0.2,0.8,10,11,21,0.47619047619047616,0.5238095238095238,0.4636718848347664,0.5363281145691872,0.012518591355709763,0.9874814086442902
a_2.0_0.8_0.2_0,10.0,0.2,0.8,11,10,21,0.5238095238095238,0.47619047619047616,0.5462189674377441,0.4537810322642326,0.022409443628220282,0.9775905563717797
a_2.0_0.8_0.2_0,10.0,0.2,0.8,1,4,5,0.2,0.8,0.4891596630215645,0.5108403345942497,0.2891596630215645,0.7108403369784355
a_2.0_0.8_0.2_0,10.0,0.2,0.8,4,1,5,0.8,0.2,0.8260429364442825,0.17395706094801425,0.02604293644428246,0.9739570635557175
a_2.0_0.8_0.2_0,10.0,0.2,0.8,2,8,10,0.2,0.8,0.3448040793836117,0.6551959186792373,0.14480407938361167,0.8551959206163884
a_2.0_0.8_0.2_0,10.0,0.2,0.8,8,2,10,0.8,0.2,0.7915635108947754,0.20843648768961429,0.008436489105224654,0.9915635108947753
a_2.0_0.8_0.2_0,10.0,0.2,0.8,4,16,20,0.2,0.8,0.2522772687673569,0.747722733616829,0.05227726876735689,0.9477227312326431
a_2.0_0.8_0.2_0,10.0,0.2,0.8,16,4,20,0.8,0.2,0.7932136505842209,0.20678634453564881,0.006786349415779158,0.9932136505842208
a_10.0_0.2_0.8_0,10.0,0.2,0.8,1,0,1,1.0,0.0,0.2796277540922165,0.7203722465038299,0.7203722459077835,0.2796277540922165
a_10.0_0.2_0.8_0,10.0,0.2,0.8,0,1,1,0.0,1.0,0.09843176543712616,0.9015682369470597,0.09843176543712616,0.9015682345628738
a_10.0_0.2_0.8_0,10.0,0.2,0.8,2,0,2,1.0,0.0,0.37122361451387403,0.6287763935327529,0.6287763854861259,0.3712236145138741
a_10.0_0.2_0.8_0,10.0,0.2,0.8,0,2,2,0.0,1.0,0.08060920510441065,0.9193907952308655,0.08060920510441065,0.9193907948955894
a_10.0_0.2_0.8_0,10.0,0.2,0.8,10,0,10,1.0,0.0,0.6637065798044205,0.3362934127449989,0.3362934201955795,0.6637065798044205
a_10.0_0.2_0.8_0,10.0,0.2,0.8,0,10,10,0.0,1.0,0.02916307741776109,0.9708369165658951,0.02916307741776109,0.9708369225822389
a_10.0_0.2_0.8_0,10.0,0.2,0.8,20,0,20,1.0,0.0,0.7882908636331558,0.21170913815498352,0.2117091363668442,0.7882908636331558
a_10.0_0.2_0.8_0,10.0,0.2,0.8,0,20,20,0.0,1.0,0.013980735908262432,0.9860192608833312,0.013980735908262432,0.9860192640917376
a_10.0_0.2_0.8_0,10.0,0.2,0.8,1,1,2,0.5,0.5,0.25107979580760004,0.7489201998710633,0.24892020419239996,0.7510797958076001
a_10.0_0.2_0.8_0,10.0,0.2,0.8,2,2,4,0.5,0.5,0.32685723721981047,0.6731427597999573,0.17314276278018953,0.8268572372198104
a_10.0_0.2_0.8_0,10.0,0.2,0.8,10,10,20,0.5,0.5,0.46888011902570725,0.5311198821663856,0.031119880974292746,0.9688801190257073
a_10.0_0.2_0.8_0,10.0,0.2,0.8,20,20,40,0.5,0.5,0.5063130280375481,0.49368697226047514,0.006313028037548074,0.9936869719624519
a_10.0_0.2_0.8_0,10.0,0.2,0.8,2,1,3,0.6666666666666666,0.3333333333333333,0.3485823360085487,0.65141765832901,0.3180843306581179,0.6819156693418821
a_10.0_0.2_0.8_0,10.0,0.2,0.8,1,2,3,0.3333333333333333,0.6666666666666666,0.23178525760769844,0.768214738368988,0.10154807572563487,0.8984519242743652
a_10.0_0.2_0.8_0,10.0,0.2,0.8,4,2,6,0.6666666666666666,0.3333333333333333,0.43829508632421493,0.5617049151659012,0.2283715803424517,0.7716284196575482
a_10.0_0.2_0.8_0,10.0,0.2,0.8,2,4,6,0.3333333333333333,0.6666666666666666,0.28444731190800665,0.7155526858568192,0.048886021425326665,0.9511139785746734
a_10.0_0.2_0.8_0,10.0,0.2,0.8,8,4,12,0.6666666666666666,0.3333333333333333,0.535014215707779,0.4649857917428017,0.13165245095888767,0.8683475490411123
a_10.0_0.2_0.8_0,10.0,0.2,0.8,4,8,12,0.3333333333333333,0.6666666666666666,0.3225886464118958,0.6774113500118255,0.01074468692143754,0.9892553130785624
a_10.0_0.2_0.8_0,10.0,0.2,0.8,10,11,21,0.47619047619047616,0.5238095238095238,0.4648578703403473,0.535142126083374,0.011332605850128852,0.9886673941498711
a_10.0_0.2_0.8_0,10.0,0.2,0.8,11,10,21,0.5238095238095238,0.47619047619047616,0.500369970202446,0.49963002651929855,0.023439553607077834,0.9765604463929222
a_10.0_0.2_0.8_0,10.0,0.2,0.8,1,4,5,0.2,0.8,0.19870119653642176,0.8012988007068634,0.0012988034635782464,0.9987011965364218
a_10.0_0.2_0.8_0,10.0,0.2,0.8,4,1,5,0.8,0.2,0.4687783348560333,0.5312216672301292,0.3312216651439667,0.6687783348560332
a_10.0_0.2_0.8_0,10.0,0.2,0.8,2,8,10,0.2,0.8,0.21580358110368253,0.7841964197158814,0.015803581103682518,0.9841964188963175
a_10.0_0.2_0.8_0,10.0,0.2,0.8,8,2,10,0.8,0.2,0.5723564466834068,0.4276435524225235,0.22764355331659325,0.7723564466834067
a_10.0_0.2_0.8_0,10.0,0.2,0.8,4,16,20,0.2,0.8,0.22366009801626205,0.7763399088382721,0.023660098016262038,0.976339901983738
a_10.0_0.2_0.8_0,10.0,0.2,0.8,16,4,20,0.8,0.2,0.6738372081518174,0.3261627885699272,0.1261627918481827,0.8738372081518173
a_10.0_0.5_0.5_0,10.0,0.2,0.8,1,0,1,1.0,0.0,0.565118972659111,0.4348810288310051,0.43488102734088896,0.565118972659111
a_10.0_0.5_0.5_0,10.0,0.2,0.8,0,1,1,0.0,1.0,0.4415478068590164,0.5584521925449372,0.4415478068590164,0.5584521931409836
a_10.0_0.5_0.5_0,10.0,0.2,0.8,2,0,2,1.0,0.0,0.6178072655200958,0.38219273775815965,0.3821927344799042,0.6178072655200958
a_10.0_0.5_0.5_0,10.0,0.2,0.8,0,2,2,0.0,1.0,0.3865333992242813,0.6134666001796723,0.3865333992242813,0.6134666007757187
a_10.0_0.5_0.5_0,10.0,0.2,0.8,10,0,10,1.0,0.0,0.8455415320396423,0.15445846676826477,0.15445846796035767,0.8455415320396423
a_10.0_0.5_0.5_0,10.0,0.2,0.8,0,10,10,0.0,1.0,0.144315025806427,0.8556849712133408,0.144315025806427,0.855684974193573
a_10.0_0.5_0.5_0,10.0,0.2,0.8,20,0,20,1.0,0.0,0.9325416833162308,0.06745831470936536,0.06745831668376923,0.9325416833162308
a_10.0_0.5_0.5_0,10.0,0.2,0.8,0,20,20,0.0,1.0,0.06081029020249844,0.9391897076368332,0.06081029020249844,0.9391897097975016
a_10.0_0.5_0.5_0,10.0,0.2,0.8,1,1,2,0.5,0.5,0.5020888355374337,0.49791116654872897,0.0020888355374336642,0.9979111644625663
a_10.0_0.5_0.5_0,10.0,0.2,0.8,2,2,4,0.5,0.5,0.5017574271559715,0.4982425719499588,0.0017574271559714916,0.9982425728440285
a_10.0_0.5_0.5_0,10.0,0.2,0.8,10,10,20,0.5,0.5,0.4902774053812027,0.5097225919365883,0.00972259461879732,0.9902774053812027
a_10.0_0.5_0.5_0,10.0,0.2,0.8,20,20,40,0.5,0.5,0.5091185277700424,0.49088147580623626,0.009118527770042406,0.9908814722299576
a_10.0_0.5_0.5_0,10.0,0.2,0.8,2,1,3,0.6666666666666666,0.3333333333333333,0.556255093216896,0.44374489933252337,0.1104115734497706,0.8895884265502294
a_10.0_0.5_0.5_0,10.0,0.2,0.8,1,2,3,0.3333333333333333,0.6666666666666666,0.4492330628633499,0.5507669484615326,0.11589972953001659,0.8841002704699834
a_10.0_0.5_0.5_0,10.0,0.2,0.8,4,2,6,0.6666666666666666,0.3333333333333333,0.590935794711113,0.40906420797109605,0.07573087195555361,0.9242691280444464
a_10.0_0.5_0.5_0,10.0,0.2,0.8,2,4,6,0.3333333333333333,0.6666666666666666,0.41602177292108533,0.5839782273769378,0.08268843958775202,0.9173115604122479
a_10.0_0.5_0.5_0,10.0,0.2,0.8,8,4,12,0.6666666666666666,0.3333333333333333,0.6270442008972168,0.3729558038711548,0.03962246576944983,0.9603775342305502
a_10.0_0.5_0.5_0,10.0,0.2,0.8,4,8,12,0.3333333333333333,0.6666666666666666,0.3774234002828598,0.6225765997171402,0.044090066949526496,0.9559099330504734
a_10.0_0.5_0.5_0,10.0,0.2,0.8,10,11,21,0.47619047619047616,0.5238095238095238,0.4862235468626022,0.513776450753212,0.010033070672126054,0.9899669293278739
a_10.0_0.5_0.5_0,10.0,0.2,0.8,11,10,21,0.5238095238095238,0.47619047619047616,0.5147095066308975,0.4852904912829399,0.009100017178626296,0.9908999828213737
a_10.0_0.5_0.5_0,10.0,0.2,0.8,1,4,5,0.2,0.8,0.36106645852327346,0.6389335435628891,0.16106645852327345,0.8389335414767265
a_10.0_0.5_0.5_0,10.0,0.2,0.8,4,1,5,0.8,0.2,0.6461446732282639,0.35385532945394516,0.1538553267717362,0.8461446732282638
a_10.0_0.5_0.5_0,10.0,0.2,0.8,2,8,10,0.2,0.8,0.28362992763519285,0.7163700675964355,0.08362992763519284,0.9163700723648072
a_10.0_0.5_0.5_0,10.0,0.2,0.8,8,2,10,0.8,0.2,0.7077617239952088,0.29223827838897704,0.09223827600479129,0.9077617239952087
a_10.0_0.5_0.5_0,10.0,0.2,0.8,4,16,20,0.2,0.8,0.23615801021456717,0.7638419938087463,0.03615801021456716,0.9638419897854329
a_10.0_0.5_0.5_0,10.0,0.2,0.8,16,4,20,0.8,0.2,0.7586300730705261,0.24136992752552033,0.041369926929473944,0.9586300730705261
a_10.0_0.8_0.2_0,10.0,0.2,0.8,1,0,1,1.0,0.0,0.9357597589492798,0.06424024283885955,0.06424024105072024,0.9357597589492798
a_10.0_0.8_0.2_0,10.0,0.2,0.8,0,1,1,0.0,1.0,0.772835384607315,0.2271646185219288,0.772835384607315,0.22716461539268495
a_10.0_0.8_0.2_0,10.0,0.2,0.8,2,0,2,1.0,0.0,0.9421931111812591,0.057806891910731795,0.057806888818740854,0.9421931111812591
a_10.0_0.8_0.2_0,10.0,0.2,0.8,0,2,2,0.0,1.0,0.6580180901288987,0.3419819098711014,0.6580180901288987,0.34198190987110133
a_10.0_0.8_0.2_0,10.0,0.2,0.8,10,0,10,1.0,0.0,0.9714585822820664,0.028541421182453633,0.028541417717933615,0.9714585822820664
a_10.0_0.8_0.2_0,10.0,0.2,0.8,0,10,10,0.0,1.0,0.33691838473081587,0.6630816113948822,0.33691838473081587,0.6630816152691841
a_10.0_0.8_0.2_0,10.0,0.2,0.8,20,0,20,1.0,0.0,0.984386767745018,0.01561322957277298,0.015613232254982012,0.984386767745018
a_10.0_0.8_0.2_0,10.0,0.2,0.8,0,20,20,0.0,1.0,0.18754308208823203,0.8124569201469422,0.18754308208823203,0.812456917911768
a_10.0_0.8_0.2_0,10.0,0.2,0.8,1,1,2,0.5,0.5,0.7950405168533325,0.20495948255062102,0.29504051685333255,0.7049594831466675
a_10.0_0.8_0.2_0,10.0,0.2,0.8,2,2,4,0.5,0.5,0.7066260325908661,0.29337397128343584,0.2066260325908661,0.7933739674091339
a_10.0_0.8_0.2_0,10.0,0.2,0.8,10,10,20,0.5,0.5,0.5161116987466812,0.4838883027434349,0.01611169874668117,0.9838883012533188
a_10.0_0.8_0.2_0,10.0,0.2,0.8,20,20,40,0.5,0.5,0.502317525446415,0.49768247425556184,0.0023175254464149475,0.997682474553585
a_10.0_0.8_0.2_0,10.0,0.2,0.8,2,1,3,0.6666666666666666,0.3333333333333333,0.810519533753395,0.1894804660975933,0.1438528670867284,0.8561471329132716
a_10.0_0.8_0.2_0,10.0,0.2,0.8,1,2,3,0.3333333333333333,0.6666666666666666,0.6815830713510513,0.3184169244766235,0.348249738017718,0.6517502619822819
a_10.0_0.8_0.2_0,10.0,0.2,0.8,4,2,6,0.6666666666666666,0.3333333333333333,0.7445668113231659,0.25543319568037987,0.0779001446564993,0.9220998553435007
a_10.0_0.8_0.2_0,10.0,0.2,0.8,2,4,6,0.3333333333333333,0.6666666666666666,0.571766569018364,0.4282334330677986,0.23843323568503066,0.7615667643149693
a_10.0_0.8_0.2_0,10.0,0.2,0.8,8,4,12,0.6666666666666666,0.3333333333333333,0.6871177530288697,0.31288224309682844,0.020451086362203053,0.979548913637797
a_10.0_0.8_0.2_0,10.0,0.2,0.8,4,8,12,0.3333333333333333,0.6666666666666666,0.46980384588241575,0.5301961517333984,0.13647051254908243,0.8635294874509176
a_10.0_0.8_0.2_0,10.0,0.2,0.8,10,11,21,0.47619047619047616,0.5238095238095238,0.49845671087503435,0.5015432906150817,0.022266234684558184,0.9777337653154419
a_10.0_0.8_0.2_0,10.0,0.2,0.8,11,10,21,0.5238095238095238,0.47619047619047616,0.5449084666371345,0.45509153604507446,0.02109894282761071,0.9789010571723893
a_10.0_0.8_0.2_0,10.0,0.2,0.8,1,4,5,0.2,0.8,0.5503117573261261,0.4496882486343384,0.3503117573261261,0.6496882426738739
a_10.0_0.8_0.2_0,10.0,0.2,0.8,4,1,5,0.8,0.2,0.8341908925771713,0.1658091066032648,0.03419089257717123,0.9658091074228288
a_10.0_0.8_0.2_0,10.0,0.2,0.8,2,8,10,0.2,0.8,0.429572124183178,0.5704278707504272,0.22957212418317796,0.770427875816822
a_10.0_0.8_0.2_0,10.0,0.2,0.8,8,2,10,0.8,0.2,0.8072982519865036,0.19270175233483314,0.007298251986503579,0.9927017480134964
a_10.0_0.8_0.2_0,10.0,0.2,0.8,4,16,20,0.2,0.8,0.32157903373241425,0.6784209650754929,0.12157903373241424,0.8784209662675857
a_10.0_0.8_0.2_0,10.0,0.2,0.8,16,4,20,0.8,0.2,0.7858241212368011,0.21417588211596011,0.014175878763198924,0.9858241212368011
